SF (CPD),Young humans from Fang-Fang-Yan et al 2017
0.5223581576159,72.6227712451255
0.559809339242537,74.7738955446208
0.599945634492425,77.2782219281905
0.642959556254522,79.7443994429284
0.689057419892321,82.7480875433649
0.738460332831118,86.0560919949028
0.791405255095089,89.7454885157136
0.848146135881016,93.9449752488959
0.908955131620232,99.2197232205736
0.974123911371163,104.746944513312
1.04396505580379,110.336406228371
1.11881355648618,115.95787300836
1.19902842266449,120.467844155784
1.28499440324314,124.805776002391
1.37712383222481,128.279506333727
1.47585860646173,131.127975440726
1.58167230520457,133.574710840849
1.69507246161525,135.199853579004
1.81660299713901,135.53855071819
1.94684683041206,135.53855071819
2.0864286732185,133.983811817806
2.23601802690709,132.189413280066
2.39633239364033,129.246005234148
2.56814071787829,126.087403455366
2.75226707460448,122.077672726423
2.94959462198398,117.344210618441
3.1610698374129,112.23906637543
3.38770705727706,106.627300020724
3.63059334219503,100.776478632441
3.89089369108129,94.6659445822007
4.16985662903883,88.2241361925747
4.46882019588332,81.8500805268702
4.78921836402272,75.4106056378609
5.13258791647551,69.1309482291731
5.50057581801786,63.0947044492686
5.89494711481524,56.9312989190201
6.29774067080427,51.5136903376306
6.70691396143157,46.4728545057837
7.12022633222832,42.0686974093165
7.53525518609036,38.1353281059543
7.9494161380775,34.4775661765596
8.35998699096384,31.383251692815
8.79176297669414,28.4163523846582
9.24583929639084,25.6195264431897
9.72336771604246,23.0794387494115
10.1934261652058,20.8471267875425
10.6526278407992,18.9599671198093
11.1325160034922,17.1669736373552
11.6340225548245,15.4602411150078
12.1581213773874,13.9073855978988
12.6659027732469,12.6029328835811
13.1534272486995,11.4595649991638
13.7027773860572,10.3457650258555
14.2750710169783,9.30424568843764
14.7779487646013,8.46385155484936
15.2985417326077,7.72562295310909
15.7380934007191,7.1741702690452
