SF (CPD),Old humans from Fang-Fang-Yan et al 2017
0.515823102253672,44.8703602171031
0.552805744159538,46.2958709986313
0.592439907093374,47.7666696044252
0.634915695477129,49.7591585773963
0.680436843528963,52.3343043425617
0.729221692470092,55.1576045659687
0.781504237793836,57.8913012106582
0.837535251620033,60.7098304591133
0.897583485518194,63.3742159029314
0.961936959568713,65.8802367202169
1.03090434384506,68.0866967925801
1.10481643894327,70.0158146854489
1.18402776265994,71.6999744525149
1.26891825042938,73.0276827345072
1.35989507767581,73.9470071256936
1.45739461282168,74.5352226053608
1.56188451031956,74.6596524145878
1.67386595374677,74.2869847756072
1.79387605972182,73.6392869031592
1.92249045417283,72.481583263693
2.06032603331515,71.0155800392691
2.20804392258091,69.145363686672
2.36635264769318,66.9325011215397
2.53601153309456,64.4670518858259
2.71783434403074,61.7052371401143
2.91269318975829,58.7179389852526
3.12152270659819,55.5963587236848
3.34532454089909,52.3779698188778
3.58517215341284,48.9768810540196
3.84221596812618,45.6250826720512
4.11768889024501,42.2024299640253
4.41291221979803,38.825487367095
4.72930198922436,35.5256505086279
5.06837575534308,32.2497394705642
5.41469083736519,29.4092806348788
5.76649110725012,26.7085109411459
6.14114834784832,24.1669167597676
6.51959551410986,21.9039915971302
6.92136441916338,19.722860189376
7.32480186735863,17.8153524171946
7.70311268889177,16.2164488653825
8.10096247957121,14.7187868112241
8.5193603866208,13.3288354998096
8.95936767762506,12.0080159237757
9.40563976609396,10.8022426215128
9.95040206183901,9.53418835221969
10.4698103585883,8.45583171019716
11.0031308603972,7.52405366401594
11.4940372712456,6.77000697263149
12.0060150205832,6.0927577907041
12.516531468815,5.49183333653062
13.0708891295545,4.94668553562847
13.6497993124355,4.44085318150265
14.1854945522194,4.01268657240315
14.7315097802231,3.63305879603051
15.2985417326077,3.28808929532712
15.7877054964569,3.04841058933482
