SF (cpd),contrast sensitivity
0.0229766141178992,3.71982903007597
0.0279025875387334,9.81919918132496
0.0300108915623523,3.53456501609053
0.0360676746795319,10.258727699913
0.0451891529177572,16.7284165268102
0.0562260345778923,63.6043076134944
0.0702016162694342,59.9970576547629
0.0885678229315108,58.6977205259564
0.110199398596802,64.5395114452565
0.140484136182509,92.9617474803066
0.179713932395063,74.6822021854168
0.241338062229232,26.1095106446768
0.270605768428408,6.43044291886652
0.299242087269287,1.27231860992612
0.380158176236689,2.43605897019989
